<?xml version="1.0">

<player id="0460123" name = "John Smith" nrating = "5" intrating = "146" country = "Australia">

 <opponent name="Naskov Boris">
 <date>25/03/2001</date>
 <result>win</result>
 </opponent>
 
 <opponent name="Joseph Valentin">
 <date>02/04/2001</date>
 <result>draw</result>
 </opponent>
 
 <opponent name="Martin Tome">
 <date>03/07/2002</date>
 <result>win</result>
 </opponent>
 
 <opponent name="Boja Tomica">
 <date>21/08/2003</date>
 <result>loss</result>
 </opponent>
 
</player>
