<?xml version="1.0" ?>
<studentRecord>
  <studentNumber>1231234</studentNumber>
  <firstName>John</firstName>
  <lastName>Smith</lastName>
  <result>
    <subject>
      <code>MATH101</code>
      <cp>4</cp>
      <mark>85</mark>
      <grade>A</grade>
    </subject>

    <subject>
      <code>ECON111</code>
      <cp>5</cp>
      <mark>70</mark>
      <grade>B</grade>
    </subject>

    <subject>
      <code>CS100</code>
      <cp>5</cp>
      <mark>80</mark>
      <grade>A</grade>
    </subject>

    <subject>
      <code>LAW121</code>
      <cp>6</cp>
      <mark>75</mark>
      <grade>B</grade>
    </subject>
  </result>
</studentRecord>